<?xml version="1.0" encoding="UTF-8"?>
<project-private xmlns="http://www.netbeans.org/ns/project-private/1">
    <editor-bookmarks xmlns="http://www.netbeans.org/ns/editor-bookmarks/2" lastBookmarkId="0"/>
    <open-files xmlns="http://www.netbeans.org/ns/projectui-open-files/2">
        <group>
            <file>file:/C:/Users/Aprendiz/Documents/NetBeansProjects/ordenamiento.vector/src/Ejercicio2_19_Vector.java</file>
        </group>
        <group name="ejercicios_pseint_java">
            <file>file:/C:/Users/barre/Documents/NetBeansProjects/java--main/java--main/poo/taller01_pee_java/ordenamiento.vector/src/Ejercicio2_19_Vector.java</file>
        </group>
    </open-files>
</project-private>
